,Methods,Protein length,scRMSD
0,PVQD,70,0.868
1,PVQD,70,11.385
2,PVQD,100,2.186
3,PVQD,70,3.208
4,PVQD,100,1.331
5,PVQD,200,12.569
6,PVQD,100,1.689
7,PVQD,400,9.711
8,PVQD,400,1.741
9,PVQD,70,1.321
10,PVQD,70,1.144
11,PVQD,400,3.146
12,PVQD,100,1.768
13,PVQD,100,3.585
14,PVQD,400,21.057
15,PVQD,100,1.695
16,PVQD,70,1.541
17,PVQD,100,3.406
18,PVQD,70,8.378
19,PVQD,200,4.233
20,PVQD,200,1.15
21,PVQD,200,4.614
22,PVQD,200,1.81
23,PVQD,100,1.158
24,PVQD,100,5.124
25,PVQD,200,6.814
26,PVQD,70,0.747
27,PVQD,400,4.86
28,PVQD,200,2.011
29,PVQD,400,3.187
30,PVQD,100,1.709
31,PVQD,400,1.887
32,PVQD,100,11.373
33,PVQD,400,1.588
34,PVQD,100,2.149
35,PVQD,400,10.463
36,PVQD,70,1.655
37,PVQD,200,1.365
38,PVQD,200,3.752
39,PVQD,100,1.006
40,PVQD,100,8.736
41,PVQD,200,2.547
42,PVQD,400,3.436
43,PVQD,200,1.856
44,PVQD,100,1.274
45,PVQD,70,0.912
46,PVQD,70,2.63
47,PVQD,100,4.071
48,PVQD,200,3.115
49,PVQD,200,15.931
50,PVQD,70,1.191
51,PVQD,100,3.61
52,PVQD,100,2.834
53,PVQD,400,16.944
54,PVQD,100,1.693
55,PVQD,400,6.47
56,PVQD,400,2.59
57,PVQD,400,9.743
58,PVQD,200,3.211
59,PVQD,100,0.923
60,PVQD,200,9.61
61,PVQD,100,1.786
62,PVQD,70,1.067
63,PVQD,200,0.76
64,PVQD,200,7.505
65,PVQD,100,2.052
66,PVQD,70,1.163
67,PVQD,400,10.043
68,PVQD,200,3.49
69,PVQD,70,0.967
70,PVQD,400,3.172
71,PVQD,200,4.644
72,PVQD,100,1.48
73,PVQD,70,2.119
74,PVQD,70,2.741
75,PVQD,400,16.147
76,PVQD,100,1.962
77,PVQD,200,2.286
78,PVQD,100,1.299
79,PVQD,70,14.901
80,PVQD,70,1.245
81,PVQD,70,2.355
82,PVQD,70,2.961
83,PVQD,70,1.088
84,PVQD,400,1.911
85,PVQD,400,11.304
86,PVQD,200,0.96
87,PVQD,100,2.982
88,PVQD,400,6.726
89,PVQD,100,2.884
90,PVQD,100,2.455
91,PVQD,200,3.349
92,PVQD,70,1.203
93,PVQD,100,1.54
94,PVQD,100,1.641
95,PVQD,200,11.142
96,PVQD,100,3.789
97,PVQD,400,1.475
98,PVQD,100,3.023
99,PVQD,400,2.649
100,PVQD,70,8.083
101,PVQD,400,4.495
102,PVQD,100,0.958
103,PVQD,70,1.258
104,PVQD,400,16.914
105,PVQD,70,2.151
106,PVQD,400,1.525
107,PVQD,400,19.13
108,PVQD,70,1.563
109,PVQD,400,2.055
110,PVQD,200,2.892
111,PVQD,100,2.39
112,PVQD,70,1.395
113,PVQD,100,1.38
114,PVQD,100,0.977
115,PVQD,100,1.393
116,PVQD,100,1.464
117,PVQD,100,2.121
118,PVQD,70,3.979
119,PVQD,70,0.661
120,PVQD,100,3.592
121,PVQD,70,1.211
122,PVQD,400,1.305
123,PVQD,400,1.797
124,PVQD,70,1.255
125,PVQD,400,33.176
126,PVQD,200,1.744
127,PVQD,100,1.471
128,PVQD,100,1.403
129,PVQD,200,3.876
130,PVQD,400,20.116
131,PVQD,400,1.361
132,PVQD,200,24.805
133,PVQD,100,1.048
134,PVQD,400,5.732
135,PVQD,70,0.993
136,PVQD,70,1.03
137,PVQD,70,1.241
138,PVQD,400,2.007
139,PVQD,70,24.648
140,PVQD,70,8.528
141,PVQD,100,1.46
142,PVQD,200,2.486
143,PVQD,100,1.511
144,PVQD,200,3.992
145,PVQD,70,2.388
146,PVQD,200,5.156
147,PVQD,70,1.151
148,PVQD,100,1.346
149,PVQD,400,2.822
150,PVQD,70,0.679
151,PVQD,70,1.217
152,PVQD,100,1.25
153,PVQD,200,6.319
154,PVQD,200,5.515
155,PVQD,100,0.591
156,PVQD,400,2.069
157,PVQD,200,3.543
158,PVQD,400,18.44
159,PVQD,200,7.329
160,PVQD,100,1.221
161,PVQD,200,8.771
162,PVQD,70,0.572
163,PVQD,100,1.287
164,PVQD,400,8.932
165,PVQD,70,1.545
166,PVQD,100,2.294
167,PVQD,400,1.097
168,PVQD,200,6.369
169,PVQD,70,0.934
170,PVQD,200,1.588
171,PVQD,100,3.157
172,PVQD,100,1.942
173,PVQD,400,1.582
174,PVQD,70,1.261
175,PVQD,400,3.284
176,PVQD,70,1.637
177,PVQD,400,2.231
178,PVQD,200,0.936
179,PVQD,100,1.497
180,PVQD,70,1.322
181,PVQD,100,3.995
182,PVQD,100,1.455
183,PVQD,400,1.812
184,PVQD,200,1.505
185,PVQD,100,2.123
186,PVQD,70,1.24
187,PVQD,100,4.985
188,PVQD,200,7.764
189,PVQD,100,4.093
190,PVQD,200,2.339
191,PVQD,200,3.689
192,PVQD,100,1.704
193,PVQD,70,7.705
194,PVQD,400,8.478
195,PVQD,200,3.568
196,PVQD,400,1.615
197,PVQD,70,1.635
198,PVQD,400,1.82
199,PVQD,200,2.947
200,PVQD,100,1.136
201,PVQD,200,5.407
202,PVQD,400,4.387
203,PVQD,100,1.009
204,PVQD,400,2.963
205,PVQD,100,11.817
206,PVQD,70,0.849
207,PVQD,100,2.227
208,PVQD,200,0.868
209,PVQD,70,0.759
210,PVQD,70,3.956
211,PVQD,400,1.975
212,PVQD,400,1.843
213,PVQD,100,10.31
214,PVQD,400,26.362
215,PVQD,70,1.672
216,PVQD,100,1.565
217,PVQD,400,9.666
218,PVQD,400,3.192
219,PVQD,400,1.527
220,PVQD,400,5.227
221,PVQD,70,1.574
222,PVQD,200,1.512
223,PVQD,70,2.853
224,PVQD,70,4.501
225,PVQD,100,1.026
226,PVQD,200,5.952
227,PVQD,400,1.19
228,PVQD,200,3.353
229,PVQD,400,5.632
230,PVQD,70,3.238
231,PVQD,70,0.689
232,PVQD,100,1.822
233,PVQD,200,13.608
234,PVQD,400,1.96
235,PVQD,200,1.953
236,PVQD,70,0.656
237,PVQD,200,12.756
238,PVQD,200,1.742
239,PVQD,70,1.316
240,PVQD,200,6.697
241,PVQD,100,3.618
242,PVQD,400,21.593
243,PVQD,400,8.352
244,PVQD,100,7.778
245,PVQD,70,4.995
246,PVQD,70,1.361
247,PVQD,400,3.589
248,PVQD,400,1.407
249,PVQD,400,5.436
250,PVQD,70,3.964
251,PVQD,200,3.318
252,PVQD,100,9.683
253,PVQD,200,6.458
254,PVQD,200,1.041
255,PVQD,200,3.808
256,PVQD,400,7.751
257,PVQD,400,2.562
258,PVQD,400,6.052
259,PVQD,100,1.609
260,PVQD,100,0.901
261,PVQD,70,1.207
262,PVQD,400,1.885
263,PVQD,100,1.217
264,PVQD,200,0.865
265,PVQD,100,2.251
266,PVQD,200,1.259
267,PVQD,70,1.208
268,PVQD,400,14.522
269,PVQD,200,6.265
270,PVQD,70,2.811
271,PVQD,200,11.538
272,PVQD,400,14.747
273,PVQD,100,4.388
274,PVQD,70,2.24
275,PVQD,70,7.488
276,PVQD,70,3.227
277,PVQD,100,3.296
278,PVQD,100,2.58
279,PVQD,200,3.838
280,PVQD,100,0.703
281,PVQD,100,1.108
282,PVQD,200,2.453
283,PVQD,400,4.852
284,PVQD,100,2.144
285,PVQD,400,3.924
286,PVQD,70,1.121
287,PVQD,70,2.523
288,PVQD,70,1.397
289,PVQD,100,4.598
290,PVQD,100,2.316
291,PVQD,100,1.188
292,PVQD,70,1.431
293,PVQD,200,7.191
294,PVQD,70,4.38
295,PVQD,70,1.24
296,PVQD,70,0.717
297,PVQD,200,2.667
298,PVQD,200,12.028
299,PVQD,70,6.308
300,PVQD,200,5.028
301,PVQD,70,7.016
302,PVQD,100,0.769
303,PVQD,100,3.003
304,PVQD,200,13.767
305,PVQD,70,0.949
306,PVQD,200,6.977
307,PVQD,200,1.433
308,PVQD,70,0.825
309,PVQD,200,10.107
310,PVQD,200,2.744
311,PVQD,200,4.243
312,PVQD,100,2.852
313,PVQD,100,3.659
314,PVQD,200,1.294
315,PVQD,200,2.788
316,PVQD,200,26.928
317,PVQD,400,2.81
318,PVQD,200,1.814
319,PVQD,200,6.516
320,PVQD,400,1.51
321,PVQD,100,1.138
322,PVQD,100,1.979
323,PVQD,200,2.449
324,PVQD,100,2.317
325,PVQD,200,6.48
326,PVQD,400,3.924
327,PVQD,400,2.787
328,PVQD,70,4.12
329,PVQD,70,8.895
330,PVQD,100,2.425
331,PVQD,200,2.201
332,PVQD,400,1.341
333,PVQD,400,6.717
334,PVQD,400,2.087
335,PVQD,70,1.306
336,PVQD,200,5.813
337,PVQD,400,29.557
338,PVQD,100,3.149
339,PVQD,200,1.001
340,PVQD,400,4.582
341,PVQD,400,1.291
342,PVQD,70,0.735
343,PVQD,400,18.673
344,PVQD,200,1.998
345,PVQD,200,15.288
346,PVQD,400,3.373
347,PVQD,100,2.202
348,PVQD,200,1.45
349,PVQD,70,0.896
350,PVQD,400,5.093
351,PVQD,400,3.81
352,PVQD,400,16.573
353,PVQD,400,19.461
354,PVQD,70,1.207
355,PVQD,200,1.056
356,PVQD,400,18.829
357,PVQD,100,2.049
358,PVQD,400,12.761
359,PVQD,200,3.882
360,PVQD,100,1.323
361,PVQD,70,1.897
362,PVQD,200,9.938
363,PVQD,200,3.125
364,PVQD,70,2.78
365,PVQD,200,6.26
366,PVQD,70,1.245
367,PVQD,70,25.016
368,PVQD,200,8.053
369,PVQD,70,1.457
370,PVQD,70,0.912
371,PVQD,400,13.171
372,PVQD,70,2.619
373,PVQD,70,1.699
374,PVQD,400,1.511
375,PVQD,100,1.246
376,PVQD,200,3.882
377,PVQD,70,1.641
378,PVQD,200,14.228
379,PVQD,200,18.328
380,PVQD,100,1.889
381,PVQD,400,18.471
382,PVQD,400,8.434
383,PVQD,200,1.779
384,PVQD,100,0.972
385,PVQD,200,14.885
386,PVQD,400,1.738
387,PVQD,400,7.456
388,PVQD,400,3.002
389,PVQD,400,1.791
390,PVQD,70,6.302
391,PVQD,70,2.245
392,PVQD,70,2.154
393,PVQD,100,1.969
394,PVQD,400,15.347
395,PVQD,400,13.739
396,PVQD,200,4.826
397,PVQD,200,2.102
398,PVQD,70,2.238
399,PVQD,400,1.821
400,PVQD+SCUBA-D,100,4.99
401,PVQD+SCUBA-D,400,4.237
402,PVQD+SCUBA-D,100,0.969
403,PVQD+SCUBA-D,70,1.629
404,PVQD+SCUBA-D,100,0.748
405,PVQD+SCUBA-D,70,0.364
406,PVQD+SCUBA-D,70,2.07
407,PVQD+SCUBA-D,100,1.238
408,PVQD+SCUBA-D,400,9.53
409,PVQD+SCUBA-D,400,3.539
410,PVQD+SCUBA-D,70,0.53
411,PVQD+SCUBA-D,200,1.247
412,PVQD+SCUBA-D,70,0.45
413,PVQD+SCUBA-D,100,0.589
414,PVQD+SCUBA-D,70,2.152
415,PVQD+SCUBA-D,70,0.592
416,PVQD+SCUBA-D,200,1.33
417,PVQD+SCUBA-D,400,6.22
418,PVQD+SCUBA-D,200,7.823
419,PVQD+SCUBA-D,200,6.835
420,PVQD+SCUBA-D,100,0.978
421,PVQD+SCUBA-D,70,4.498
422,PVQD+SCUBA-D,100,2.274
423,PVQD+SCUBA-D,70,1.839
424,PVQD+SCUBA-D,400,8.783
425,PVQD+SCUBA-D,100,0.571
426,PVQD+SCUBA-D,200,7.965
427,PVQD+SCUBA-D,200,8.144
428,PVQD+SCUBA-D,200,5.789
429,PVQD+SCUBA-D,200,11.784
430,PVQD+SCUBA-D,400,10.402
431,PVQD+SCUBA-D,200,4.06
432,PVQD+SCUBA-D,70,3.985
433,PVQD+SCUBA-D,400,2.513
434,PVQD+SCUBA-D,70,1.04
435,PVQD+SCUBA-D,200,1.083
436,PVQD+SCUBA-D,100,1.128
437,PVQD+SCUBA-D,400,4.887
438,PVQD+SCUBA-D,400,4.377
439,PVQD+SCUBA-D,100,0.976
440,PVQD+SCUBA-D,400,8.407
441,PVQD+SCUBA-D,200,11.76
442,PVQD+SCUBA-D,100,3.151
443,PVQD+SCUBA-D,70,4.944
444,PVQD+SCUBA-D,400,12.481
445,PVQD+SCUBA-D,400,20.569
446,PVQD+SCUBA-D,400,11.369
447,PVQD+SCUBA-D,200,7.588
448,PVQD+SCUBA-D,70,0.489
449,PVQD+SCUBA-D,70,1.744
450,PVQD+SCUBA-D,400,5.444
451,PVQD+SCUBA-D,400,3.611
452,PVQD+SCUBA-D,400,5.287
453,PVQD+SCUBA-D,200,0.841
454,PVQD+SCUBA-D,400,14.103
455,PVQD+SCUBA-D,200,4.672
456,PVQD+SCUBA-D,200,1.922
457,PVQD+SCUBA-D,400,11.67
458,PVQD+SCUBA-D,200,1.385
459,PVQD+SCUBA-D,100,1.094
460,PVQD+SCUBA-D,200,0.812
461,PVQD+SCUBA-D,200,6.999
462,PVQD+SCUBA-D,400,3.132
463,PVQD+SCUBA-D,400,19.308
464,PVQD+SCUBA-D,100,2.812
465,PVQD+SCUBA-D,400,5.735
466,PVQD+SCUBA-D,100,2.829
467,PVQD+SCUBA-D,200,7.762
468,PVQD+SCUBA-D,70,1.065
469,PVQD+SCUBA-D,100,1.58
470,PVQD+SCUBA-D,70,0.998
471,PVQD+SCUBA-D,200,3.151
472,PVQD+SCUBA-D,70,1.696
473,PVQD+SCUBA-D,400,2.212
474,PVQD+SCUBA-D,100,1.813
475,PVQD+SCUBA-D,200,0.887
476,PVQD+SCUBA-D,70,0.391
477,PVQD+SCUBA-D,200,7.97
478,PVQD+SCUBA-D,100,4.747
479,PVQD+SCUBA-D,200,0.519
480,PVQD+SCUBA-D,70,4.654
481,PVQD+SCUBA-D,70,1.639
482,PVQD+SCUBA-D,200,8.678
483,PVQD+SCUBA-D,70,0.585
484,PVQD+SCUBA-D,400,19.245
485,PVQD+SCUBA-D,200,0.887
486,PVQD+SCUBA-D,400,2.971
487,PVQD+SCUBA-D,100,0.946
488,PVQD+SCUBA-D,200,2.471
489,PVQD+SCUBA-D,400,4.424
490,PVQD+SCUBA-D,200,2.263
491,PVQD+SCUBA-D,400,3.438
492,PVQD+SCUBA-D,70,1.559
493,PVQD+SCUBA-D,100,1.621
494,PVQD+SCUBA-D,70,3.789
495,PVQD+SCUBA-D,400,4.864
496,PVQD+SCUBA-D,70,0.636
497,PVQD+SCUBA-D,200,1.663
498,PVQD+SCUBA-D,400,33.146
499,PVQD+SCUBA-D,200,4.676
500,PVQD+SCUBA-D,70,2.293
501,PVQD+SCUBA-D,400,8.158
502,PVQD+SCUBA-D,400,9.68
503,PVQD+SCUBA-D,400,5.848
504,PVQD+SCUBA-D,70,0.966
505,PVQD+SCUBA-D,70,1.1
506,PVQD+SCUBA-D,400,11.884
507,PVQD+SCUBA-D,200,1.863
508,PVQD+SCUBA-D,400,11.54
509,PVQD+SCUBA-D,400,7.905
510,PVQD+SCUBA-D,70,0.915
511,PVQD+SCUBA-D,200,2.652
512,PVQD+SCUBA-D,100,1.42
513,PVQD+SCUBA-D,200,6.174
514,PVQD+SCUBA-D,100,1.054
515,PVQD+SCUBA-D,400,2.964
516,PVQD+SCUBA-D,100,1.417
517,PVQD+SCUBA-D,70,0.43
518,PVQD+SCUBA-D,100,0.889
519,PVQD+SCUBA-D,100,1.173
520,PVQD+SCUBA-D,70,0.894
521,PVQD+SCUBA-D,70,3.828
522,PVQD+SCUBA-D,400,4.355
523,PVQD+SCUBA-D,400,5.412
524,PVQD+SCUBA-D,200,9.953
525,PVQD+SCUBA-D,400,5.877
526,PVQD+SCUBA-D,400,15.37
527,PVQD+SCUBA-D,400,6.684
528,PVQD+SCUBA-D,100,0.781
529,PVQD+SCUBA-D,400,5.528
530,PVQD+SCUBA-D,100,1.463
531,PVQD+SCUBA-D,100,4.224
532,PVQD+SCUBA-D,100,3.584
533,PVQD+SCUBA-D,400,33.083
534,PVQD+SCUBA-D,100,1.25
535,PVQD+SCUBA-D,200,1.124
536,PVQD+SCUBA-D,70,0.743
537,PVQD+SCUBA-D,100,0.784
538,PVQD+SCUBA-D,400,3.594
539,PVQD+SCUBA-D,100,0.634
540,PVQD+SCUBA-D,400,3.76
541,PVQD+SCUBA-D,70,1.232
542,PVQD+SCUBA-D,100,8.68
543,PVQD+SCUBA-D,100,0.984
544,PVQD+SCUBA-D,400,4.012
545,PVQD+SCUBA-D,70,0.51
546,PVQD+SCUBA-D,100,2.336
547,PVQD+SCUBA-D,400,19.054
548,PVQD+SCUBA-D,70,1.568
549,PVQD+SCUBA-D,200,5.737
550,PVQD+SCUBA-D,400,2.486
551,PVQD+SCUBA-D,100,1.334
552,PVQD+SCUBA-D,200,2.927
553,PVQD+SCUBA-D,100,0.883
554,PVQD+SCUBA-D,70,0.547
555,PVQD+SCUBA-D,400,6.783
556,PVQD+SCUBA-D,200,1.024
557,PVQD+SCUBA-D,400,6.164
558,PVQD+SCUBA-D,200,0.79
559,PVQD+SCUBA-D,400,4.895
560,PVQD+SCUBA-D,400,17.705
561,PVQD+SCUBA-D,200,0.811
562,PVQD+SCUBA-D,400,8.177
563,PVQD+SCUBA-D,200,0.729
564,PVQD+SCUBA-D,200,1.987
565,PVQD+SCUBA-D,70,1.157
566,PVQD+SCUBA-D,200,5.341
567,PVQD+SCUBA-D,70,1.121
568,PVQD+SCUBA-D,100,1.339
569,PVQD+SCUBA-D,200,15.565
570,PVQD+SCUBA-D,400,4.01
571,PVQD+SCUBA-D,400,16.75
572,PVQD+SCUBA-D,70,1.133
573,PVQD+SCUBA-D,100,6.066
574,PVQD+SCUBA-D,400,12.165
575,PVQD+SCUBA-D,100,0.685
576,PVQD+SCUBA-D,100,0.716
577,PVQD+SCUBA-D,70,0.758
578,PVQD+SCUBA-D,200,6.89
579,PVQD+SCUBA-D,100,1.245
580,PVQD+SCUBA-D,400,8.506
581,PVQD+SCUBA-D,70,1.118
582,PVQD+SCUBA-D,70,0.895
583,PVQD+SCUBA-D,100,1.124
584,PVQD+SCUBA-D,400,3.638
585,PVQD+SCUBA-D,100,1.397
586,PVQD+SCUBA-D,200,1.481
587,PVQD+SCUBA-D,200,12.085
588,PVQD+SCUBA-D,70,0.619
589,PVQD+SCUBA-D,200,0.736
590,PVQD+SCUBA-D,70,0.756
591,PVQD+SCUBA-D,200,4.532
592,PVQD+SCUBA-D,200,1.253
593,PVQD+SCUBA-D,100,0.411
594,PVQD+SCUBA-D,400,16.573
595,PVQD+SCUBA-D,200,14.486
596,PVQD+SCUBA-D,200,1.201
597,PVQD+SCUBA-D,70,0.959
598,PVQD+SCUBA-D,100,0.545
599,PVQD+SCUBA-D,100,1.287
600,PVQD+SCUBA-D,400,4.049
601,PVQD+SCUBA-D,70,2.992
602,PVQD+SCUBA-D,200,2.954
603,PVQD+SCUBA-D,100,2.576
604,PVQD+SCUBA-D,200,0.854
605,PVQD+SCUBA-D,100,1.319
606,PVQD+SCUBA-D,70,2.508
607,PVQD+SCUBA-D,70,3.175
608,PVQD+SCUBA-D,200,1.09
609,PVQD+SCUBA-D,400,3.541
610,PVQD+SCUBA-D,100,1.116
611,PVQD+SCUBA-D,400,15.867
612,PVQD+SCUBA-D,400,3.094
613,PVQD+SCUBA-D,200,3.215
614,PVQD+SCUBA-D,200,13.679
615,PVQD+SCUBA-D,400,14.073
616,PVQD+SCUBA-D,100,1.814
617,PVQD+SCUBA-D,200,12.191
618,PVQD+SCUBA-D,70,1.327
619,PVQD+SCUBA-D,400,19.801
620,PVQD+SCUBA-D,200,11.407
621,PVQD+SCUBA-D,400,13.164
622,PVQD+SCUBA-D,400,10.224
623,PVQD+SCUBA-D,200,3.56
624,PVQD+SCUBA-D,70,0.56
625,PVQD+SCUBA-D,200,1.307
626,PVQD+SCUBA-D,100,0.751
627,PVQD+SCUBA-D,70,0.696
628,PVQD+SCUBA-D,100,0.642
629,PVQD+SCUBA-D,400,5.977
630,PVQD+SCUBA-D,100,0.895
631,PVQD+SCUBA-D,100,2.7
632,PVQD+SCUBA-D,70,0.693
633,PVQD+SCUBA-D,200,3.576
634,PVQD+SCUBA-D,100,0.866
635,PVQD+SCUBA-D,70,5.882
636,PVQD+SCUBA-D,200,2.6
637,PVQD+SCUBA-D,70,0.788
638,PVQD+SCUBA-D,70,1.682
639,PVQD+SCUBA-D,100,7.657
640,PVQD+SCUBA-D,200,0.886
641,PVQD+SCUBA-D,70,1.575
642,PVQD+SCUBA-D,70,1.473
643,PVQD+SCUBA-D,70,4.21
644,PVQD+SCUBA-D,70,1.694
645,PVQD+SCUBA-D,100,0.431
646,PVQD+SCUBA-D,100,0.465
647,PVQD+SCUBA-D,200,1.569
648,PVQD+SCUBA-D,400,13.791
649,PVQD+SCUBA-D,100,0.652
650,PVQD+SCUBA-D,200,9.037
651,PVQD+SCUBA-D,400,18.102
652,PVQD+SCUBA-D,70,4.933
653,PVQD+SCUBA-D,100,0.751
654,PVQD+SCUBA-D,100,1.014
655,PVQD+SCUBA-D,200,2.198
656,PVQD+SCUBA-D,400,2.902
657,PVQD+SCUBA-D,200,1.55
658,PVQD+SCUBA-D,200,2.129
659,PVQD+SCUBA-D,70,2.628
660,PVQD+SCUBA-D,70,0.981
661,PVQD+SCUBA-D,200,1.356
662,PVQD+SCUBA-D,100,0.952
663,PVQD+SCUBA-D,100,2.387
664,PVQD+SCUBA-D,200,7.733
665,PVQD+SCUBA-D,400,8.589
666,PVQD+SCUBA-D,70,0.653
667,PVQD+SCUBA-D,200,6.301
668,PVQD+SCUBA-D,400,3.554
669,PVQD+SCUBA-D,100,1.027
670,PVQD+SCUBA-D,70,2.954
671,PVQD+SCUBA-D,70,0.551
672,PVQD+SCUBA-D,100,1.296
673,PVQD+SCUBA-D,70,0.943
674,PVQD+SCUBA-D,100,0.364
675,PVQD+SCUBA-D,70,5.695
676,PVQD+SCUBA-D,400,6.101
677,PVQD+SCUBA-D,100,1.171
678,PVQD+SCUBA-D,70,0.602
679,PVQD+SCUBA-D,70,0.864
680,PVQD+SCUBA-D,200,0.897
681,PVQD+SCUBA-D,70,0.947
682,PVQD+SCUBA-D,200,1.135
683,PVQD+SCUBA-D,200,1.443
684,PVQD+SCUBA-D,200,7.494
685,PVQD+SCUBA-D,70,0.609
686,PVQD+SCUBA-D,70,0.715
687,PVQD+SCUBA-D,400,9.742
688,PVQD+SCUBA-D,400,4.683
689,PVQD+SCUBA-D,200,18.917
690,PVQD+SCUBA-D,400,5.565
691,PVQD+SCUBA-D,70,1.358
692,PVQD+SCUBA-D,70,5.122
693,PVQD+SCUBA-D,200,3.465
694,PVQD+SCUBA-D,70,0.812
695,PVQD+SCUBA-D,200,0.782
696,PVQD+SCUBA-D,100,1.287
697,PVQD+SCUBA-D,100,1.323
698,PVQD+SCUBA-D,70,0.967
699,PVQD+SCUBA-D,200,8.93
700,PVQD+SCUBA-D,70,0.742
701,PVQD+SCUBA-D,200,3.609
702,PVQD+SCUBA-D,100,0.999
703,PVQD+SCUBA-D,400,3.477
704,PVQD+SCUBA-D,400,4.349
705,PVQD+SCUBA-D,70,1.406
706,PVQD+SCUBA-D,400,3.662
707,PVQD+SCUBA-D,100,5.014
708,PVQD+SCUBA-D,200,5.726
709,PVQD+SCUBA-D,100,6.333
710,PVQD+SCUBA-D,200,1.546
711,PVQD+SCUBA-D,200,0.698
712,PVQD+SCUBA-D,100,4.864
713,PVQD+SCUBA-D,70,0.68
714,PVQD+SCUBA-D,200,5.287
715,PVQD+SCUBA-D,400,4.915
716,PVQD+SCUBA-D,400,3.871
717,PVQD+SCUBA-D,400,22.339
718,PVQD+SCUBA-D,100,0.496
719,PVQD+SCUBA-D,200,1.784
720,PVQD+SCUBA-D,70,0.657
721,PVQD+SCUBA-D,70,0.375
722,PVQD+SCUBA-D,200,0.834
723,PVQD+SCUBA-D,400,7.327
724,PVQD+SCUBA-D,100,1.042
725,PVQD+SCUBA-D,70,1.465
726,PVQD+SCUBA-D,100,1.077
727,PVQD+SCUBA-D,100,1.276
728,PVQD+SCUBA-D,100,1.164
729,PVQD+SCUBA-D,400,4.537
730,PVQD+SCUBA-D,200,24.965
731,PVQD+SCUBA-D,200,1.164
732,PVQD+SCUBA-D,200,1.08
733,PVQD+SCUBA-D,400,15.051
734,PVQD+SCUBA-D,200,1.213
735,PVQD+SCUBA-D,100,0.882
736,PVQD+SCUBA-D,70,0.907
737,PVQD+SCUBA-D,400,4.36
738,PVQD+SCUBA-D,200,2.94
739,PVQD+SCUBA-D,100,0.721
740,PVQD+SCUBA-D,400,10.528
741,PVQD+SCUBA-D,70,0.56
742,PVQD+SCUBA-D,400,8.445
743,PVQD+SCUBA-D,400,10.848
744,PVQD+SCUBA-D,200,14.891
745,PVQD+SCUBA-D,100,1.214
746,PVQD+SCUBA-D,400,5.005
747,PVQD+SCUBA-D,70,0.68
748,PVQD+SCUBA-D,100,5.302
749,PVQD+SCUBA-D,100,0.729
750,PVQD+SCUBA-D,70,2.789
751,PVQD+SCUBA-D,70,0.424
752,PVQD+SCUBA-D,200,9.345
753,PVQD+SCUBA-D,70,1.106
754,PVQD+SCUBA-D,400,4.907
755,PVQD+SCUBA-D,400,5.906
756,PVQD+SCUBA-D,400,7.728
757,PVQD+SCUBA-D,200,1.687
758,PVQD+SCUBA-D,400,3.986
759,PVQD+SCUBA-D,100,3.842
760,PVQD+SCUBA-D,100,0.891
761,PVQD+SCUBA-D,70,1.086
762,PVQD+SCUBA-D,70,0.428
763,PVQD+SCUBA-D,70,1.36
764,PVQD+SCUBA-D,70,1.114
765,PVQD+SCUBA-D,100,6.571
766,PVQD+SCUBA-D,200,0.988
767,PVQD+SCUBA-D,100,0.709
768,PVQD+SCUBA-D,100,0.784
769,PVQD+SCUBA-D,400,5.821
770,PVQD+SCUBA-D,200,15.206
771,PVQD+SCUBA-D,100,1.435
772,PVQD+SCUBA-D,400,26.579
773,PVQD+SCUBA-D,70,2.137
774,PVQD+SCUBA-D,100,0.916
775,PVQD+SCUBA-D,200,0.962
776,PVQD+SCUBA-D,100,1.145
777,PVQD+SCUBA-D,70,0.678
778,PVQD+SCUBA-D,100,0.796
779,PVQD+SCUBA-D,100,1.253
780,PVQD+SCUBA-D,100,0.904
781,PVQD+SCUBA-D,100,0.555
782,PVQD+SCUBA-D,70,1.456
783,PVQD+SCUBA-D,200,5.974
784,PVQD+SCUBA-D,70,1.368
785,PVQD+SCUBA-D,70,8.483
786,PVQD+SCUBA-D,400,15.156
787,PVQD+SCUBA-D,200,2.115
788,PVQD+SCUBA-D,100,6.17
789,PVQD+SCUBA-D,100,0.691
790,PVQD+SCUBA-D,400,22.027
791,PVQD+SCUBA-D,70,0.581
792,PVQD+SCUBA-D,100,0.823
793,PVQD+SCUBA-D,100,0.969
794,PVQD+SCUBA-D,100,0.542
795,PVQD+SCUBA-D,400,5.289
796,PVQD+SCUBA-D,200,1.02
797,PVQD+SCUBA-D,400,3.276
798,PVQD+SCUBA-D,70,2.007
799,PVQD+SCUBA-D,70,1.235
800,SCUBA-D,400,2.629
801,SCUBA-D,200,1.583
802,SCUBA-D,200,1.147
803,SCUBA-D,100,0.639
804,SCUBA-D,70,3.209
805,SCUBA-D,70,2.18
806,SCUBA-D,70,5.224
807,SCUBA-D,200,1.322
808,SCUBA-D,100,1.928
809,SCUBA-D,100,0.822
810,SCUBA-D,400,9.898
811,SCUBA-D,70,3.617
812,SCUBA-D,200,4.895
813,SCUBA-D,70,1.861
814,SCUBA-D,70,2.484
815,SCUBA-D,400,1.297
816,SCUBA-D,400,8.709
817,SCUBA-D,100,0.537
818,SCUBA-D,200,1.206
819,SCUBA-D,400,1.278
820,SCUBA-D,400,1.637
821,SCUBA-D,100,0.614
822,SCUBA-D,70,0.559
823,SCUBA-D,100,0.534
824,SCUBA-D,200,1.769
825,SCUBA-D,100,0.532
826,SCUBA-D,200,5.513
827,SCUBA-D,400,7.68
828,SCUBA-D,400,2.863
829,SCUBA-D,70,0.845
830,SCUBA-D,200,1.156
831,SCUBA-D,200,0.866
832,SCUBA-D,70,2.766
833,SCUBA-D,400,1.657
834,SCUBA-D,70,0.771
835,SCUBA-D,70,1.711
836,SCUBA-D,70,1.555
837,SCUBA-D,400,9.778
838,SCUBA-D,400,1.409
839,SCUBA-D,200,0.779
840,SCUBA-D,100,0.648
841,SCUBA-D,100,0.515
842,SCUBA-D,200,1.474
843,SCUBA-D,70,0.788
844,SCUBA-D,100,0.439
845,SCUBA-D,400,8.281
846,SCUBA-D,400,1.229
847,SCUBA-D,200,0.757
848,SCUBA-D,200,1.497
849,SCUBA-D,100,0.998
850,SCUBA-D,200,1.369
851,SCUBA-D,70,1.098
852,SCUBA-D,100,0.442
853,SCUBA-D,100,0.6
854,SCUBA-D,70,1.407
855,SCUBA-D,70,2.057
856,SCUBA-D,100,0.652
857,SCUBA-D,200,3.529
858,SCUBA-D,100,0.407
859,SCUBA-D,70,1.102
860,SCUBA-D,100,0.579
861,SCUBA-D,200,2.011
862,SCUBA-D,200,1.235
863,SCUBA-D,400,2.111
864,SCUBA-D,100,0.715
865,SCUBA-D,70,4.864
866,SCUBA-D,200,1.145
867,SCUBA-D,400,17.423
868,SCUBA-D,100,0.707
869,SCUBA-D,70,0.932
870,SCUBA-D,70,0.782
871,SCUBA-D,70,8.595
872,SCUBA-D,100,0.667
873,SCUBA-D,200,2.667
874,SCUBA-D,200,1.453
875,SCUBA-D,100,0.632
876,SCUBA-D,400,10.689
877,SCUBA-D,100,1.368
878,SCUBA-D,100,0.428
879,SCUBA-D,200,3.678
880,SCUBA-D,400,3.607
881,SCUBA-D,100,0.558
882,SCUBA-D,400,4.926
883,SCUBA-D,400,2.852
884,SCUBA-D,70,2.322
885,SCUBA-D,70,3.251
886,SCUBA-D,100,0.57
887,SCUBA-D,70,1.638
888,SCUBA-D,400,14.696
889,SCUBA-D,70,0.787
890,SCUBA-D,200,13.772
891,SCUBA-D,70,7.788
892,SCUBA-D,100,1.403
893,SCUBA-D,100,0.458
894,SCUBA-D,200,1.459
895,SCUBA-D,100,0.774
896,SCUBA-D,70,1.95
897,SCUBA-D,70,0.87
898,SCUBA-D,100,0.644
899,SCUBA-D,70,1.43
900,SCUBA-D,70,0.81
901,SCUBA-D,70,1.438
902,SCUBA-D,400,11.511
903,SCUBA-D,70,1.267
904,SCUBA-D,200,1.288
905,SCUBA-D,400,8.725
906,SCUBA-D,200,0.771
907,SCUBA-D,100,0.735
908,SCUBA-D,70,0.592
909,SCUBA-D,200,2.184
910,SCUBA-D,200,1.431
911,SCUBA-D,70,1.104
912,SCUBA-D,70,1.205
913,SCUBA-D,400,17.299
914,SCUBA-D,100,0.545
915,SCUBA-D,400,3.262
916,SCUBA-D,70,0.832
917,SCUBA-D,400,13.652
918,SCUBA-D,200,9.026
919,SCUBA-D,70,0.972
920,SCUBA-D,100,0.636
921,SCUBA-D,70,3.202
922,SCUBA-D,200,2.365
923,SCUBA-D,100,0.555
924,SCUBA-D,100,0.474
925,SCUBA-D,100,0.699
926,SCUBA-D,200,1.269
927,SCUBA-D,100,0.451
928,SCUBA-D,400,15.675
929,SCUBA-D,70,4.538
930,SCUBA-D,400,11.845
931,SCUBA-D,70,7.08
932,SCUBA-D,100,0.688
933,SCUBA-D,200,0.614
934,SCUBA-D,200,0.568
935,SCUBA-D,400,9.413
936,SCUBA-D,70,1.639
937,SCUBA-D,200,2.174
938,SCUBA-D,100,1.562
939,SCUBA-D,70,14.648
940,SCUBA-D,400,5.173
941,SCUBA-D,400,1.066
942,SCUBA-D,70,5.217
943,SCUBA-D,200,0.699
944,SCUBA-D,100,1.599
945,SCUBA-D,200,0.942
946,SCUBA-D,200,0.686
947,SCUBA-D,100,0.592
948,SCUBA-D,100,0.682
949,SCUBA-D,400,5.023
950,SCUBA-D,70,0.938
951,SCUBA-D,100,0.474
952,SCUBA-D,70,0.791
953,SCUBA-D,100,0.575
954,SCUBA-D,200,2.451
955,SCUBA-D,200,0.793
956,SCUBA-D,200,2.572
957,SCUBA-D,70,7.966
958,SCUBA-D,200,1.057
959,SCUBA-D,400,1.186
960,SCUBA-D,200,1.05
961,SCUBA-D,70,3.685
962,SCUBA-D,400,1.921
963,SCUBA-D,200,1.164
964,SCUBA-D,400,12.694
965,SCUBA-D,400,7.557
966,SCUBA-D,100,1.012
967,SCUBA-D,70,0.975
968,SCUBA-D,200,1.164
969,SCUBA-D,400,12.853
970,SCUBA-D,200,0.515
971,SCUBA-D,100,2.49
972,SCUBA-D,70,4.604
973,SCUBA-D,200,1.629
974,SCUBA-D,100,0.594
975,SCUBA-D,400,2.649
976,SCUBA-D,100,1.155
977,SCUBA-D,400,1.196
978,SCUBA-D,200,5.265
979,SCUBA-D,200,0.844
980,SCUBA-D,100,0.6
981,SCUBA-D,100,0.673
982,SCUBA-D,70,1.077
983,SCUBA-D,100,0.732
984,SCUBA-D,100,0.664
985,SCUBA-D,100,0.757
986,SCUBA-D,70,0.764
987,SCUBA-D,100,1.112
988,SCUBA-D,100,0.767
989,SCUBA-D,200,1.072
990,SCUBA-D,100,0.79
991,SCUBA-D,400,1.852
992,SCUBA-D,400,1.56
993,SCUBA-D,200,1.558
994,SCUBA-D,400,5.37
995,SCUBA-D,70,1.029
996,SCUBA-D,100,0.509
997,SCUBA-D,100,0.753
998,SCUBA-D,200,6.196
999,SCUBA-D,100,0.586
1000,SCUBA-D,100,0.654
1001,SCUBA-D,400,1.919
1002,SCUBA-D,70,2.275
1003,SCUBA-D,100,0.894
1004,SCUBA-D,100,0.512
1005,SCUBA-D,200,0.711
1006,SCUBA-D,200,3.981
1007,SCUBA-D,70,3.725
1008,SCUBA-D,70,0.909
1009,SCUBA-D,400,0.817
1010,SCUBA-D,70,3.802
1011,SCUBA-D,100,0.772
1012,SCUBA-D,70,3.686
1013,SCUBA-D,400,3.438
1014,SCUBA-D,200,1.83
1015,SCUBA-D,70,1.107
1016,SCUBA-D,200,1.737
1017,SCUBA-D,70,1.272
1018,SCUBA-D,200,2.358
1019,SCUBA-D,100,0.857
1020,SCUBA-D,400,2.707
1021,SCUBA-D,100,0.474
1022,SCUBA-D,400,1.152
1023,SCUBA-D,200,1.173
1024,SCUBA-D,400,2.047
1025,SCUBA-D,400,4.196
1026,SCUBA-D,400,1.283
1027,SCUBA-D,200,5.036
1028,SCUBA-D,200,13.331
1029,SCUBA-D,400,8.796
1030,SCUBA-D,100,0.897
1031,SCUBA-D,100,0.555
1032,SCUBA-D,400,12.609
1033,SCUBA-D,400,1.076
1034,SCUBA-D,100,0.626
1035,SCUBA-D,100,0.661
1036,SCUBA-D,70,0.794
1037,SCUBA-D,200,1.71
1038,SCUBA-D,200,0.992
1039,SCUBA-D,70,3.318
1040,SCUBA-D,400,4.055
1041,SCUBA-D,100,0.832
1042,SCUBA-D,400,0.934
1043,SCUBA-D,400,0.718
1044,SCUBA-D,400,8.317
1045,SCUBA-D,400,1.764
1046,SCUBA-D,100,0.502
1047,SCUBA-D,200,1.092
1048,SCUBA-D,100,0.765
1049,SCUBA-D,400,3.113
1050,SCUBA-D,400,6.225
1051,SCUBA-D,100,0.632
1052,SCUBA-D,400,13.701
1053,SCUBA-D,200,0.681
1054,SCUBA-D,200,0.888
1055,SCUBA-D,200,1.881
1056,SCUBA-D,200,1.427
1057,SCUBA-D,100,0.915
1058,SCUBA-D,100,0.436
1059,SCUBA-D,200,1.286
1060,SCUBA-D,70,5.242
1061,SCUBA-D,200,1.271
1062,SCUBA-D,200,1.266
1063,SCUBA-D,400,5.669
1064,SCUBA-D,200,1.955
1065,SCUBA-D,70,8.078
1066,SCUBA-D,70,1.845
1067,SCUBA-D,200,2.151
1068,SCUBA-D,100,0.799
1069,SCUBA-D,200,1.36
1070,SCUBA-D,200,1.183
1071,SCUBA-D,100,0.525
1072,SCUBA-D,400,1.117
1073,SCUBA-D,400,1.858
1074,SCUBA-D,400,2.013
1075,SCUBA-D,400,14.521
1076,SCUBA-D,400,9.896
1077,SCUBA-D,400,1.197
1078,SCUBA-D,100,0.748
1079,SCUBA-D,100,0.737
1080,SCUBA-D,400,14.878
1081,SCUBA-D,70,9.925
1082,SCUBA-D,200,1.722
1083,SCUBA-D,200,1.006
1084,SCUBA-D,70,4.757
1085,SCUBA-D,70,2.709
1086,SCUBA-D,200,2.326
1087,SCUBA-D,70,0.661
1088,SCUBA-D,100,0.901
1089,SCUBA-D,70,0.941
1090,SCUBA-D,400,3.42
1091,SCUBA-D,70,9.881
1092,SCUBA-D,100,0.632
1093,SCUBA-D,400,3.307
1094,SCUBA-D,200,1.26
1095,SCUBA-D,70,0.923
1096,SCUBA-D,70,1.012
1097,SCUBA-D,200,13.728
1098,SCUBA-D,400,12.975
1099,SCUBA-D,200,1.428
1100,SCUBA-D,200,0.794
1101,SCUBA-D,70,0.964
1102,SCUBA-D,400,1.066
1103,SCUBA-D,100,0.612
1104,SCUBA-D,100,1.11
1105,SCUBA-D,400,3.314
1106,SCUBA-D,400,1.822
1107,SCUBA-D,400,5.792
1108,SCUBA-D,400,1.167
1109,SCUBA-D,70,5.73
1110,SCUBA-D,200,1.729
1111,SCUBA-D,400,1.806
1112,SCUBA-D,100,0.493
1113,SCUBA-D,200,5.546
1114,SCUBA-D,100,0.469
1115,SCUBA-D,100,0.803
1116,SCUBA-D,200,1.559
1117,SCUBA-D,70,0.861
1118,SCUBA-D,200,0.935
1119,SCUBA-D,400,1.138
1120,SCUBA-D,400,2.959
1121,SCUBA-D,200,1.299
1122,SCUBA-D,70,4.913
1123,SCUBA-D,100,1.826
1124,SCUBA-D,200,1.077
1125,SCUBA-D,400,4.148
1126,SCUBA-D,70,0.773
1127,SCUBA-D,100,0.594
1128,SCUBA-D,100,0.449
1129,SCUBA-D,70,4.249
1130,SCUBA-D,200,1.446
1131,SCUBA-D,70,5.721
1132,SCUBA-D,200,0.574
1133,SCUBA-D,200,12.129
1134,SCUBA-D,200,3.731
1135,SCUBA-D,200,0.907
1136,SCUBA-D,70,1.169
1137,SCUBA-D,400,0.894
1138,SCUBA-D,200,1.651
1139,SCUBA-D,70,1.379
1140,SCUBA-D,400,15.474
1141,SCUBA-D,70,2.196
1142,SCUBA-D,70,1.177
1143,SCUBA-D,100,0.461
1144,SCUBA-D,70,5.008
1145,SCUBA-D,400,12.221
1146,SCUBA-D,70,1.327
1147,SCUBA-D,200,0.613
1148,SCUBA-D,100,0.689
1149,SCUBA-D,100,4.873
1150,SCUBA-D,400,0.865
1151,SCUBA-D,200,7.028
1152,SCUBA-D,200,1.335
1153,SCUBA-D,100,0.65
1154,SCUBA-D,400,2.664
1155,SCUBA-D,400,1.848
1156,SCUBA-D,70,2.755
1157,SCUBA-D,100,0.84
1158,SCUBA-D,200,6.603
1159,SCUBA-D,70,2.799
1160,SCUBA-D,200,14.908
1161,SCUBA-D,70,5.351
1162,SCUBA-D,400,13.935
1163,SCUBA-D,70,2.594
1164,SCUBA-D,100,0.72
1165,SCUBA-D,70,5.591
1166,SCUBA-D,70,1.786
1167,SCUBA-D,70,1.805
1168,SCUBA-D,400,3.475
1169,SCUBA-D,400,1.023
1170,SCUBA-D,400,1.228
1171,SCUBA-D,400,4.627
1172,SCUBA-D,400,5.766
1173,SCUBA-D,100,0.618
1174,SCUBA-D,100,0.708
1175,SCUBA-D,400,4.903
1176,SCUBA-D,200,1.374
1177,SCUBA-D,200,0.94
1178,SCUBA-D,400,6.949
1179,SCUBA-D,400,2.572
1180,SCUBA-D,70,9.739
1181,SCUBA-D,100,1.293
1182,SCUBA-D,200,1.012
1183,SCUBA-D,70,1.716
1184,SCUBA-D,400,2.112
1185,SCUBA-D,100,1.051
1186,SCUBA-D,70,2.305
1187,SCUBA-D,100,0.973
1188,SCUBA-D,400,7.2
1189,SCUBA-D,400,11.001
1190,SCUBA-D,70,1.514
1191,SCUBA-D,400,16.617
1192,SCUBA-D,100,0.533
1193,SCUBA-D,200,2.253
1194,SCUBA-D,400,3.423
1195,SCUBA-D,70,2.207
1196,SCUBA-D,100,0.513
1197,SCUBA-D,70,2.491
1198,SCUBA-D,70,1.792
1199,SCUBA-D,70,0.659
1200,Chroma,400,14.721
1201,Chroma,400,17.758
1202,Chroma,100,1.365
1203,Chroma,70,0.573
1204,Chroma,100,2.341
1205,Chroma,400,15.616
1206,Chroma,200,5.689
1207,Chroma,200,9.272
1208,Chroma,100,0.713
1209,Chroma,200,10.367
1210,Chroma,100,1.05
1211,Chroma,200,1.697
1212,Chroma,70,4.858
1213,Chroma,70,4.145
1214,Chroma,70,1.741
1215,Chroma,200,15.013
1216,Chroma,100,4.093
1217,Chroma,400,18.566
1218,Chroma,400,14.093
1219,Chroma,400,16.156
1220,Chroma,400,14.838
1221,Chroma,200,1.974
1222,Chroma,400,13.778
1223,Chroma,200,0.904
1224,Chroma,70,0.449
1225,Chroma,70,5.419
1226,Chroma,200,12.589
1227,Chroma,400,6.644
1228,Chroma,200,1.025
1229,Chroma,400,12.122
1230,Chroma,70,1.156
1231,Chroma,70,3.322
1232,Chroma,400,13.231
1233,Chroma,70,1.656
1234,Chroma,70,8.482
1235,Chroma,100,4.056
1236,Chroma,70,1.261
1237,Chroma,100,7.023
1238,Chroma,400,14.764
1239,Chroma,200,1.391
1240,Chroma,400,7.681
1241,Chroma,70,1.329
1242,Chroma,100,2.686
1243,Chroma,100,1.761
1244,Chroma,200,1.143
1245,Chroma,200,1.105
1246,Chroma,200,2.124
1247,Chroma,70,0.624
1248,Chroma,100,6.354
1249,Chroma,100,3.014
1250,Chroma,100,5.087
1251,Chroma,70,0.926
1252,Chroma,100,6.996
1253,Chroma,70,0.868
1254,Chroma,400,17.665
1255,Chroma,400,11.705
1256,Chroma,70,0.604
1257,Chroma,400,6.813
1258,Chroma,200,1.669
1259,Chroma,200,3.207
1260,Chroma,100,2.445
1261,Chroma,200,0.558
1262,Chroma,400,6.83
1263,Chroma,200,0.951
1264,Chroma,100,5.963
1265,Chroma,100,0.776
1266,Chroma,400,17.3
1267,Chroma,70,0.99
1268,Chroma,70,0.428
1269,Chroma,200,3.833
1270,Chroma,100,2.146
1271,Chroma,100,2.162
1272,Chroma,400,16.703
1273,Chroma,100,0.704
1274,Chroma,100,1.713
1275,Chroma,200,1.784
1276,Chroma,70,1.558
1277,Chroma,200,12.41
1278,Chroma,200,9.666
1279,Chroma,100,0.972
1280,Chroma,200,11.467
1281,Chroma,100,0.941
1282,Chroma,100,1.245
1283,Chroma,100,1.068
1284,Chroma,70,0.704
1285,Chroma,100,1.765
1286,Chroma,400,19.003
1287,Chroma,400,14.941
1288,Chroma,100,1.024
1289,Chroma,400,15.566
1290,Chroma,400,12.571
1291,Chroma,70,1.932
1292,Chroma,70,1.008
1293,Chroma,100,3.189
1294,Chroma,200,2.58
1295,Chroma,100,0.735
1296,Chroma,200,0.712
1297,Chroma,100,7.596
1298,Chroma,400,10.884
1299,Chroma,70,0.96
1300,Chroma,400,4.404
1301,Chroma,200,1.08
1302,Chroma,200,8.484
1303,Chroma,100,0.888
1304,Chroma,200,8.815
1305,Chroma,400,15.153
1306,Chroma,100,9.553
1307,Chroma,100,4.745
1308,Chroma,400,13.368
1309,Chroma,400,8.658
1310,Chroma,100,1.39
1311,Chroma,200,1.665
1312,Chroma,200,1.251
1313,Chroma,400,11.178
1314,Chroma,70,1.961
1315,Chroma,200,7.467
1316,Chroma,70,2.65
1317,Chroma,70,1.072
1318,Chroma,200,9.111
1319,Chroma,70,1.691
1320,Chroma,100,0.806
1321,Chroma,400,12.757
1322,Chroma,70,7.445
1323,Chroma,70,1.044
1324,Chroma,200,15.083
1325,Chroma,400,13.106
1326,Chroma,100,0.868
1327,Chroma,70,1.308
1328,Chroma,100,6.368
1329,Chroma,100,2.905
1330,Chroma,100,2.975
1331,Chroma,200,5.292
1332,Chroma,100,1.72
1333,Chroma,70,0.834
1334,Chroma,70,1.498
1335,Chroma,200,1.292
1336,Chroma,70,11.368
1337,Chroma,70,2.983
1338,Chroma,200,2.04
1339,Chroma,70,0.739
1340,Chroma,100,1.564
1341,Chroma,100,0.723
1342,Chroma,400,9.61
1343,Chroma,100,1.13
1344,Chroma,70,0.689
1345,Chroma,70,3.871
1346,Chroma,100,9.848
1347,Chroma,400,14.217
1348,Chroma,200,0.865
1349,Chroma,70,0.642
1350,Chroma,100,0.856
1351,Chroma,200,4.798
1352,Chroma,200,0.76
1353,Chroma,400,15.994
1354,Chroma,400,17.669
1355,Chroma,100,0.727
1356,Chroma,400,2.444
1357,Chroma,400,12.028
1358,Chroma,100,0.466
1359,Chroma,70,1.045
1360,Chroma,100,1.036
1361,Chroma,70,1.707
1362,Chroma,70,3.789
1363,Chroma,200,0.905
1364,Chroma,100,1.968
1365,Chroma,70,1.891
1366,Chroma,70,0.814
1367,Chroma,400,10.621
1368,Chroma,70,0.485
1369,Chroma,100,2.854
1370,Chroma,70,1.215
1371,Chroma,400,12.02
1372,Chroma,70,0.527
1373,Chroma,70,5.881
1374,Chroma,400,10.689
1375,Chroma,400,12.575
1376,Chroma,200,1.732
1377,Chroma,400,3.432
1378,Chroma,100,2.318
1379,Chroma,400,16.693
1380,Chroma,400,17.094
1381,Chroma,70,1.175
1382,Chroma,400,11.325
1383,Chroma,100,0.823
1384,Chroma,400,12.821
1385,Chroma,400,11.767
1386,Chroma,100,3.341
1387,Chroma,70,0.728
1388,Chroma,70,4.837
1389,Chroma,400,10.139
1390,Chroma,100,0.724
1391,Chroma,70,2.627
1392,Chroma,400,8.376
1393,Chroma,400,10.092
1394,Chroma,400,13.565
1395,Chroma,400,12.465
1396,Chroma,100,0.52
1397,Chroma,200,1.998
1398,Chroma,70,0.623
1399,Chroma,400,16.222
1400,Chroma,200,2.353
1401,Chroma,200,1.734
1402,Chroma,400,16.348
1403,Chroma,200,1.957
1404,Chroma,70,1.748
1405,Chroma,100,8.353
1406,Chroma,70,0.964
1407,Chroma,400,11.055
1408,Chroma,70,0.921
1409,Chroma,70,0.914
1410,Chroma,200,2.498
1411,Chroma,400,16.812
1412,Chroma,400,12.309
1413,Chroma,100,5.542
1414,Chroma,100,0.692
1415,Chroma,400,5.017
1416,Chroma,200,2.674
1417,Chroma,100,0.735
1418,Chroma,70,0.673
1419,Chroma,400,21.133
1420,Chroma,100,0.917
1421,Chroma,200,7.334
1422,Chroma,200,6.18
1423,Chroma,200,2.214
1424,Chroma,400,8.658
1425,Chroma,200,3.505
1426,Chroma,200,9.503
1427,Chroma,400,12.245
1428,Chroma,200,1.956
1429,Chroma,200,1.793
1430,Chroma,200,0.915
1431,Chroma,200,9.643
1432,Chroma,70,0.539
1433,Chroma,200,5.054
1434,Chroma,200,9.556
1435,Chroma,70,1.012
1436,Chroma,200,1.399
1437,Chroma,70,1.251
1438,Chroma,200,4.834
1439,Chroma,100,1.324
1440,Chroma,70,0.637
1441,Chroma,400,3.377
1442,Chroma,70,0.815
1443,Chroma,70,7.087
1444,Chroma,400,12.708
1445,Chroma,70,11.331
1446,Chroma,200,3.754
1447,Chroma,200,1.949
1448,Chroma,400,15.198
1449,Chroma,200,12.279
1450,Chroma,400,11.961
1451,Chroma,70,7.336
1452,Chroma,70,4.974
1453,Chroma,100,4.997
1454,Chroma,200,1.544
1455,Chroma,400,8.41
1456,Chroma,100,0.757
1457,Chroma,100,6.575
1458,Chroma,200,9.0
1459,Chroma,70,1.104
1460,Chroma,400,4.113
1461,Chroma,100,0.513
1462,Chroma,200,5.374
1463,Chroma,200,0.868
1464,Chroma,100,1.616
1465,Chroma,400,13.729
1466,Chroma,100,0.685
1467,Chroma,70,0.878
1468,Chroma,100,1.077
1469,Chroma,100,3.695
1470,Chroma,400,4.712
1471,Chroma,100,3.531
1472,Chroma,400,12.594
1473,Chroma,70,0.378
1474,Chroma,70,0.554
1475,Chroma,100,12.038
1476,Chroma,400,12.593
1477,Chroma,100,5.739
1478,Chroma,100,3.48
1479,Chroma,400,18.532
1480,Chroma,200,0.995
1481,Chroma,100,0.648
1482,Chroma,70,4.181
1483,Chroma,400,12.62
1484,Chroma,200,1.604
1485,Chroma,400,21.505
1486,Chroma,200,7.858
1487,Chroma,400,7.558
1488,Chroma,100,6.99
1489,Chroma,200,0.775
1490,Chroma,70,0.599
1491,Chroma,400,4.69
1492,Chroma,400,7.633
1493,Chroma,70,4.423
1494,Chroma,400,9.682
1495,Chroma,400,13.339
1496,Chroma,100,2.044
1497,Chroma,70,0.949
1498,Chroma,200,3.389
1499,Chroma,400,8.139
1500,Chroma,400,12.159
1501,Chroma,200,10.37
1502,Chroma,70,10.171
1503,Chroma,200,4.748
1504,Chroma,100,6.137
1505,Chroma,400,20.512
1506,Chroma,400,16.438
1507,Chroma,400,14.519
1508,Chroma,100,1.847
1509,Chroma,200,11.478
1510,Chroma,200,6.845
1511,Chroma,100,0.975
1512,Chroma,100,0.717
1513,Chroma,400,13.018
1514,Chroma,200,1.301
1515,Chroma,400,16.596
1516,Chroma,70,2.061
1517,Chroma,100,2.095
1518,Chroma,70,1.565
1519,Chroma,70,0.984
1520,Chroma,70,1.335
1521,Chroma,70,0.484
1522,Chroma,100,1.283
1523,Chroma,400,8.955
1524,Chroma,200,2.461
1525,Chroma,70,2.662
1526,Chroma,200,2.364
1527,Chroma,200,1.819
1528,Chroma,200,1.031
1529,Chroma,400,5.576
1530,Chroma,200,6.084
1531,Chroma,100,9.414
1532,Chroma,400,22.82
1533,Chroma,200,3.524
1534,Chroma,100,1.01
1535,Chroma,70,0.71
1536,Chroma,70,0.688
1537,Chroma,200,0.836
1538,Chroma,400,13.505
1539,Chroma,100,2.916
1540,Chroma,200,8.275
1541,Chroma,200,8.884
1542,Chroma,400,10.693
1543,Chroma,100,3.405
1544,Chroma,100,0.896
1545,Chroma,70,2.57
1546,Chroma,100,1.15
1547,Chroma,100,2.026
1548,Chroma,100,11.403
1549,Chroma,200,6.818
1550,Chroma,70,7.318
1551,Chroma,70,1.347
1552,Chroma,400,3.618
1553,Chroma,100,5.155
1554,Chroma,70,0.653
1555,Chroma,100,0.756
1556,Chroma,100,1.498
1557,Chroma,200,3.704
1558,Chroma,70,3.717
1559,Chroma,70,0.709
1560,Chroma,70,6.786
1561,Chroma,200,7.824
1562,Chroma,400,4.433
1563,Chroma,70,0.681
1564,Chroma,70,1.382
1565,Chroma,400,10.964
1566,Chroma,400,13.818
1567,Chroma,200,9.287
1568,Chroma,100,2.936
1569,Chroma,70,4.794
1570,Chroma,100,3.812
1571,Chroma,400,18.302
1572,Chroma,200,4.257
1573,Chroma,70,0.805
1574,Chroma,200,0.757
1575,Chroma,200,1.784
1576,Chroma,70,3.105
1577,Chroma,100,3.814
1578,Chroma,70,0.653
1579,Chroma,70,0.543
1580,Chroma,100,0.847
1581,Chroma,100,19.674
1582,Chroma,200,3.948
1583,Chroma,200,1.622
1584,Chroma,200,5.126
1585,Chroma,200,14.009
1586,Chroma,200,1.846
1587,Chroma,400,6.311
1588,Chroma,100,2.192
1589,Chroma,70,3.677
1590,Chroma,400,21.949
1591,Chroma,100,3.32
1592,Chroma,400,12.224
1593,Chroma,70,0.62
1594,Chroma,70,1.259
1595,Chroma,200,13.631
1596,Chroma,200,1.131
1597,Chroma,200,1.172
1598,Chroma,400,17.823
1599,Chroma,100,0.623
1600,RFdiffusion,400,1.412
1601,RFdiffusion,100,1.386
1602,RFdiffusion,400,6.32
1603,RFdiffusion,200,0.675
1604,RFdiffusion,400,8.319
1605,RFdiffusion,70,0.474
1606,RFdiffusion,100,0.405
1607,RFdiffusion,400,6.467
1608,RFdiffusion,100,0.593
1609,RFdiffusion,70,0.508
1610,RFdiffusion,100,0.474
1611,RFdiffusion,70,0.442
1612,RFdiffusion,100,0.632
1613,RFdiffusion,70,0.374
1614,RFdiffusion,200,1.649
1615,RFdiffusion,70,0.443
1616,RFdiffusion,400,11.084
1617,RFdiffusion,70,0.861
1618,RFdiffusion,200,0.716
1619,RFdiffusion,400,16.785
1620,RFdiffusion,400,8.302
1621,RFdiffusion,100,0.461
1622,RFdiffusion,70,0.633
1623,RFdiffusion,100,0.474
1624,RFdiffusion,400,1.26
1625,RFdiffusion,70,0.453
1626,RFdiffusion,400,4.831
1627,RFdiffusion,70,0.831
1628,RFdiffusion,70,0.922
1629,RFdiffusion,400,9.975
1630,RFdiffusion,100,0.524
1631,RFdiffusion,200,3.55
1632,RFdiffusion,400,14.198
1633,RFdiffusion,400,0.794
1634,RFdiffusion,70,0.518
1635,RFdiffusion,100,0.478
1636,RFdiffusion,200,0.977
1637,RFdiffusion,70,0.516
1638,RFdiffusion,200,0.685
1639,RFdiffusion,70,0.707
1640,RFdiffusion,400,6.656
1641,RFdiffusion,400,16.437
1642,RFdiffusion,200,1.034
1643,RFdiffusion,400,5.179
1644,RFdiffusion,400,9.886
1645,RFdiffusion,400,1.334
1646,RFdiffusion,200,0.898
1647,RFdiffusion,70,11.729
1648,RFdiffusion,200,0.749
1649,RFdiffusion,100,0.503
1650,RFdiffusion,400,0.864
1651,RFdiffusion,70,0.519
1652,RFdiffusion,70,0.486
1653,RFdiffusion,100,0.543
1654,RFdiffusion,200,0.657
1655,RFdiffusion,400,2.418
1656,RFdiffusion,70,0.8
1657,RFdiffusion,200,0.557
1658,RFdiffusion,70,0.486
1659,RFdiffusion,100,0.324
1660,RFdiffusion,200,0.806
1661,RFdiffusion,100,0.61
1662,RFdiffusion,70,0.641
1663,RFdiffusion,70,1.103
1664,RFdiffusion,400,6.076
1665,RFdiffusion,70,0.569
1666,RFdiffusion,400,2.356
1667,RFdiffusion,70,0.673
1668,RFdiffusion,200,0.706
1669,RFdiffusion,100,0.492
1670,RFdiffusion,100,0.574
1671,RFdiffusion,100,0.484
1672,RFdiffusion,70,5.807
1673,RFdiffusion,70,0.406
1674,RFdiffusion,200,0.915
1675,RFdiffusion,400,10.291
1676,RFdiffusion,400,0.897
1677,RFdiffusion,400,2.856
1678,RFdiffusion,200,0.741
1679,RFdiffusion,100,0.519
1680,RFdiffusion,100,0.738
1681,RFdiffusion,100,0.527
1682,RFdiffusion,70,0.446
1683,RFdiffusion,100,0.45
1684,RFdiffusion,100,0.327
1685,RFdiffusion,100,0.745
1686,RFdiffusion,400,4.374
1687,RFdiffusion,400,10.487
1688,RFdiffusion,70,0.64
1689,RFdiffusion,400,5.261
1690,RFdiffusion,200,0.973
1691,RFdiffusion,400,15.835
1692,RFdiffusion,100,0.572
1693,RFdiffusion,400,16.099
1694,RFdiffusion,200,0.713
1695,RFdiffusion,70,0.703
1696,RFdiffusion,100,0.475
1697,RFdiffusion,100,0.568
1698,RFdiffusion,200,0.81
1699,RFdiffusion,100,0.911
1700,RFdiffusion,100,0.923
1701,RFdiffusion,100,0.527
1702,RFdiffusion,400,1.013
1703,RFdiffusion,100,0.567
1704,RFdiffusion,200,1.306
1705,RFdiffusion,200,1.086
1706,RFdiffusion,70,0.381
1707,RFdiffusion,100,0.501
1708,RFdiffusion,70,0.595
1709,RFdiffusion,70,0.486
1710,RFdiffusion,200,0.515
1711,RFdiffusion,100,0.561
1712,RFdiffusion,400,1.191
1713,RFdiffusion,200,1.024
1714,RFdiffusion,200,0.558
1715,RFdiffusion,400,10.623
1716,RFdiffusion,70,0.459
1717,RFdiffusion,200,0.528
1718,RFdiffusion,200,10.521
1719,RFdiffusion,70,0.318
1720,RFdiffusion,70,0.387
1721,RFdiffusion,70,0.444
1722,RFdiffusion,400,0.883
1723,RFdiffusion,70,0.637
1724,RFdiffusion,200,1.071
1725,RFdiffusion,70,0.462
1726,RFdiffusion,70,0.625
1727,RFdiffusion,200,0.567
1728,RFdiffusion,200,0.979
1729,RFdiffusion,400,5.91
1730,RFdiffusion,100,0.465
1731,RFdiffusion,400,4.616
1732,RFdiffusion,200,0.919
1733,RFdiffusion,100,0.512
1734,RFdiffusion,200,1.067
1735,RFdiffusion,200,5.21
1736,RFdiffusion,70,0.696
1737,RFdiffusion,400,3.355
1738,RFdiffusion,70,0.624
1739,RFdiffusion,100,0.58
1740,RFdiffusion,70,0.592
1741,RFdiffusion,100,4.678
1742,RFdiffusion,200,0.867
1743,RFdiffusion,70,0.521
1744,RFdiffusion,200,0.571
1745,RFdiffusion,70,0.487
1746,RFdiffusion,200,0.96
1747,RFdiffusion,100,0.675
1748,RFdiffusion,400,8.143
1749,RFdiffusion,200,0.627
1750,RFdiffusion,400,1.332
1751,RFdiffusion,70,0.679
1752,RFdiffusion,400,2.41
1753,RFdiffusion,70,3.998
1754,RFdiffusion,400,17.409
1755,RFdiffusion,70,0.41
1756,RFdiffusion,200,0.666
1757,RFdiffusion,100,0.497
1758,RFdiffusion,200,0.868
1759,RFdiffusion,200,0.82
1760,RFdiffusion,200,2.012
1761,RFdiffusion,100,0.812
1762,RFdiffusion,100,0.847
1763,RFdiffusion,100,0.644
1764,RFdiffusion,400,13.382
1765,RFdiffusion,70,0.756
1766,RFdiffusion,400,0.737
1767,RFdiffusion,400,3.244
1768,RFdiffusion,400,3.358
1769,RFdiffusion,400,6.495
1770,RFdiffusion,100,0.602
1771,RFdiffusion,70,0.607
1772,RFdiffusion,70,0.426
1773,RFdiffusion,100,0.699
1774,RFdiffusion,400,0.695
1775,RFdiffusion,200,0.815
1776,RFdiffusion,200,0.586
1777,RFdiffusion,100,0.48
1778,RFdiffusion,100,0.398
1779,RFdiffusion,400,0.931
1780,RFdiffusion,100,0.373
1781,RFdiffusion,70,0.507
1782,RFdiffusion,70,0.515
1783,RFdiffusion,400,4.001
1784,RFdiffusion,400,11.334
1785,RFdiffusion,70,5.972
1786,RFdiffusion,70,0.313
1787,RFdiffusion,100,0.561
1788,RFdiffusion,200,1.041
1789,RFdiffusion,400,5.907
1790,RFdiffusion,200,9.897
1791,RFdiffusion,100,0.572
1792,RFdiffusion,400,9.722
1793,RFdiffusion,100,0.538
1794,RFdiffusion,100,0.622
1795,RFdiffusion,100,0.659
1796,RFdiffusion,100,0.627
1797,RFdiffusion,70,0.662
1798,RFdiffusion,200,0.841
1799,RFdiffusion,400,1.576
1800,RFdiffusion,200,0.656
1801,RFdiffusion,400,1.679
1802,RFdiffusion,200,0.712
1803,RFdiffusion,100,3.31
1804,RFdiffusion,100,0.411
1805,RFdiffusion,200,0.639
1806,RFdiffusion,200,0.614
1807,RFdiffusion,200,0.813
1808,RFdiffusion,100,0.891
1809,RFdiffusion,100,0.47
1810,RFdiffusion,200,0.628
1811,RFdiffusion,100,0.524
1812,RFdiffusion,70,0.469
1813,RFdiffusion,200,0.662
1814,RFdiffusion,200,0.557
1815,RFdiffusion,70,0.679
1816,RFdiffusion,200,0.647
1817,RFdiffusion,200,0.909
1818,RFdiffusion,100,1.016
1819,RFdiffusion,100,0.567
1820,RFdiffusion,100,0.576
1821,RFdiffusion,70,0.588
1822,RFdiffusion,400,17.137
1823,RFdiffusion,400,3.231
1824,RFdiffusion,400,1.349
1825,RFdiffusion,200,0.559
1826,RFdiffusion,100,0.434
1827,RFdiffusion,200,0.557
1828,RFdiffusion,70,0.93
1829,RFdiffusion,400,4.175
1830,RFdiffusion,400,1.173
1831,RFdiffusion,100,0.454
1832,RFdiffusion,100,0.85
1833,RFdiffusion,70,0.625
1834,RFdiffusion,200,0.709
1835,RFdiffusion,400,9.197
1836,RFdiffusion,400,20.017
1837,RFdiffusion,70,0.438
1838,RFdiffusion,100,0.444
1839,RFdiffusion,70,0.651
1840,RFdiffusion,200,0.644
1841,RFdiffusion,200,0.969
1842,RFdiffusion,70,0.54
1843,RFdiffusion,100,0.452
1844,RFdiffusion,100,0.59
1845,RFdiffusion,200,0.651
1846,RFdiffusion,70,0.474
1847,RFdiffusion,200,0.856
1848,RFdiffusion,100,0.898
1849,RFdiffusion,200,0.569
1850,RFdiffusion,400,6.667
1851,RFdiffusion,100,1.715
1852,RFdiffusion,70,0.466
1853,RFdiffusion,70,0.872
1854,RFdiffusion,400,14.174
1855,RFdiffusion,70,0.483
1856,RFdiffusion,400,5.083
1857,RFdiffusion,70,0.489
1858,RFdiffusion,70,0.626
1859,RFdiffusion,70,0.512
1860,RFdiffusion,100,0.658
1861,RFdiffusion,100,0.391
1862,RFdiffusion,70,0.429
1863,RFdiffusion,70,0.602
1864,RFdiffusion,100,0.537
1865,RFdiffusion,200,0.625
1866,RFdiffusion,400,4.17
1867,RFdiffusion,200,0.749
1868,RFdiffusion,70,0.583
1869,RFdiffusion,400,1.377
1870,RFdiffusion,200,0.634
1871,RFdiffusion,70,0.441
1872,RFdiffusion,400,3.886
1873,RFdiffusion,70,0.447
1874,RFdiffusion,100,0.965
1875,RFdiffusion,100,6.308
1876,RFdiffusion,200,0.971
1877,RFdiffusion,100,0.993
1878,RFdiffusion,70,0.706
1879,RFdiffusion,100,1.108
1880,RFdiffusion,70,0.435
1881,RFdiffusion,100,0.483
1882,RFdiffusion,400,1.751
1883,RFdiffusion,400,3.579
1884,RFdiffusion,200,0.638
1885,RFdiffusion,200,0.836
1886,RFdiffusion,200,0.918
1887,RFdiffusion,100,0.475
1888,RFdiffusion,400,12.387
1889,RFdiffusion,200,0.842
1890,RFdiffusion,100,0.495
1891,RFdiffusion,100,0.577
1892,RFdiffusion,70,0.583
1893,RFdiffusion,400,0.671
1894,RFdiffusion,100,0.523
1895,RFdiffusion,200,1.917
1896,RFdiffusion,70,0.362
1897,RFdiffusion,400,19.168
1898,RFdiffusion,400,3.034
1899,RFdiffusion,200,0.645
1900,RFdiffusion,70,1.102
1901,RFdiffusion,400,6.975
1902,RFdiffusion,100,0.475
1903,RFdiffusion,70,0.535
1904,RFdiffusion,200,4.505
1905,RFdiffusion,400,1.663
1906,RFdiffusion,200,1.859
1907,RFdiffusion,200,0.598
1908,RFdiffusion,400,5.138
1909,RFdiffusion,400,2.184
1910,RFdiffusion,200,1.249
1911,RFdiffusion,200,0.995
1912,RFdiffusion,70,1.602
1913,RFdiffusion,70,0.452
1914,RFdiffusion,70,0.564
1915,RFdiffusion,200,2.515
1916,RFdiffusion,70,2.112
1917,RFdiffusion,70,0.673
1918,RFdiffusion,400,13.831
1919,RFdiffusion,400,1.392
1920,RFdiffusion,200,0.957
1921,RFdiffusion,70,0.998
1922,RFdiffusion,100,0.725
1923,RFdiffusion,70,0.445
1924,RFdiffusion,70,3.203
1925,RFdiffusion,200,0.859
1926,RFdiffusion,100,0.8
1927,RFdiffusion,200,1.014
1928,RFdiffusion,400,6.942
1929,RFdiffusion,200,0.743
1930,RFdiffusion,100,0.672
1931,RFdiffusion,200,0.745
1932,RFdiffusion,400,2.04
1933,RFdiffusion,200,0.611
1934,RFdiffusion,100,0.454
1935,RFdiffusion,400,11.419
1936,RFdiffusion,70,0.553
1937,RFdiffusion,200,1.634
1938,RFdiffusion,100,0.496
1939,RFdiffusion,200,0.679
1940,RFdiffusion,70,0.991
1941,RFdiffusion,200,1.468
1942,RFdiffusion,100,0.571
1943,RFdiffusion,100,0.683
1944,RFdiffusion,400,13.461
1945,RFdiffusion,70,0.685
1946,RFdiffusion,100,0.581
1947,RFdiffusion,100,0.391
1948,RFdiffusion,400,1.816
1949,RFdiffusion,400,0.912
1950,RFdiffusion,400,8.177
1951,RFdiffusion,70,1.352
1952,RFdiffusion,400,1.257
1953,RFdiffusion,400,17.916
1954,RFdiffusion,400,0.81
1955,RFdiffusion,70,0.553
1956,RFdiffusion,200,0.572
1957,RFdiffusion,200,0.628
1958,RFdiffusion,400,8.157
1959,RFdiffusion,100,0.466
1960,RFdiffusion,400,15.443
1961,RFdiffusion,400,1.334
1962,RFdiffusion,100,0.466
1963,RFdiffusion,400,1.976
1964,RFdiffusion,70,0.455
1965,RFdiffusion,100,0.46
1966,RFdiffusion,400,0.955
1967,RFdiffusion,70,0.997
1968,RFdiffusion,70,13.225
1969,RFdiffusion,200,1.241
1970,RFdiffusion,400,6.655
1971,RFdiffusion,100,0.445
1972,RFdiffusion,400,1.382
1973,RFdiffusion,70,0.49
1974,RFdiffusion,400,1.538
1975,RFdiffusion,100,0.758
1976,RFdiffusion,100,0.495
1977,RFdiffusion,200,0.511
1978,RFdiffusion,200,0.728
1979,RFdiffusion,400,2.325
1980,RFdiffusion,100,0.583
1981,RFdiffusion,400,0.816
1982,RFdiffusion,200,1.027
1983,RFdiffusion,70,0.461
1984,RFdiffusion,70,0.399
1985,RFdiffusion,200,0.651
1986,RFdiffusion,400,6.947
1987,RFdiffusion,200,0.983
1988,RFdiffusion,200,0.585
1989,RFdiffusion,100,0.41
1990,RFdiffusion,100,0.452
1991,RFdiffusion,400,3.88
1992,RFdiffusion,100,0.447
1993,RFdiffusion,200,0.698
1994,RFdiffusion,70,0.402
1995,RFdiffusion,200,7.253
1996,RFdiffusion,200,0.605
1997,RFdiffusion,100,0.483
1998,RFdiffusion,200,1.055
1999,RFdiffusion,70,0.485
